Id,SalePrice
1461,127000.0
1462,145000.0
1463,186887.27344323383
1464,192548.58325870766
1465,205000.0
1466,176000.0
1467,175947.23900353658
1468,167785.5964067029
1469,173968.2913656742
1470,119335.70566386358
1471,186929.30546328967
1472,93163.54883592502
1473,108000.0
1474,149411.90682326606
1475,148095.5824668683
1476,345194.1944077637
1477,266223.24814330746
1478,286106.71785965265
1479,257791.83097938067
1480,381729.652785407
1481,319967.38519156346
1482,202531.18530854996
1483,173146.5788961766
1484,175033.56706475906
1485,170747.55161275106
1486,194058.55500441897
1487,301832.7804465973
1488,235000.0
1489,220000.0
1490,205000.0
1491,186270.46813397546
1492,85714.07006206785
1493,185000.0
1494,289441.2420306358
1495,315000.0
1496,230000.0
1497,185000.0
1498,154530.04074768285
1499,153926.8817128753
1500,155990.4731463378
1501,167948.20781956494
1502,163503.38474795467
1503,305039.00078290264
1504,239000.0
1505,226954.5759830584
1506,174821.823495228
1507,207340.89436152054
1508,189933.4519884258
1509,170000.0
1510,154000.0
1511,146349.47096229205
1512,160000.0
1513,143000.0
1514,165000.0
1515,177699.2669066801
1516,160000.0
1517,155000.0
1518,119180.32874745615
1519,214000.0
1520,137670.376179075
1521,139551.02040848712
1522,162313.4766638707
1523,109500.0
1524,120962.0514048374
1525,128000.0
1526,124500.0
1527,105075.9732968848
1528,132500.0
1529,142236.91166548568
1530,169000.31677557697
1531,118422.61075975465
1532,91782.69052299854
1533,131258.31709184725
1534,122000.0
1535,160000.0
1536,118789.63251239395
1537,103939.88940090757
1538,174587.02597616456
1539,207500.0
1540,94198.90460551252
1541,140000.0
1542,142000.0
1543,215003.08626755897
1544,87081.73686966
1545,108000.0
1546,127000.0
1547,142859.71037723235
1548,145000.0
1549,125392.14225497244
1550,148000.0
1551,118997.82571556707
1552,137049.125705885
1553,144000.0
1554,111333.21996464813
1555,187500.0
1556,93629.69984973288
1557,125000.0
1558,96521.88143744381
1559,108000.0
1560,149453.28868921005
1561,149261.1993144504
1562,130476.7017022866
1563,122915.27171351387
1564,159223.84657057238
1565,158659.03847010725
1566,209951.59109822364
1567,55129.4538864704
1568,241763.24167579215
1569,157023.61229898382
1570,137951.29587240878
1571,132808.25316920102
1572,145000.0
1573,222441.6916144994
1574,125000.0
1575,195823.28198769665
1576,228782.70014318524
1577,203365.2798635544
1578,145000.0
1579,143000.0
1580,197005.61735966237
1581,150719.65446650673
1582,125000.0
1583,290000.0
1584,245609.878308159
1585,140000.0
1586,66314.4886349468
1587,91000.0
1588,148000.0
1589,99417.11143645181
1590,135000.0
1591,91198.95134055249
1592,126992.7296617477
1593,134608.21890529233
1594,132221.50359235966
1595,124989.25593430217
1596,224486.97028693056
1597,178670.1352207066
1598,174967.6041597789
1599,185000.0
1600,193904.18928376012
1601,79712.08481608774
1602,125000.0
1603,104398.5053088643
1604,239000.0
1605,243968.89302746922
1606,171000.0
1607,147801.50957586366
1608,214921.0580465422
1609,196618.23633241162
1610,160000.0
1611,144000.0
1612,160018.60581041794
1613,167000.0
1614,113000.0
1615,80001.65825974316
1616,37767.06572933705
1617,84999.47599282759
1618,128000.0
1619,135000.0
1620,139000.0
1621,140017.33493892412
1622,146985.3909447625
1623,266983.49937309953
1624,205000.0
1625,127500.0
1626,165000.0
1627,192991.50697878047
1628,251120.1995528636
1629,172510.70831975603
1630,315384.9899962207
1631,236806.0113377016
1632,241457.2657909942
1633,172072.16200099947
1634,188987.92019267697
1635,181000.0
1636,158929.4864420394
1637,180068.50060997633
1638,199996.40360749868
1639,175208.94686640592
1640,293397.44810930965
1641,179918.1450652563
1642,213646.60524681737
1643,226221.9363444202
1644,227835.3020551469
1645,180904.54509716132
1646,160018.0666297342
1647,154264.9577616576
1648,138416.56831036197
1649,141853.28976445433
1650,121508.06760214856
1651,128425.85470623692
1652,93069.76428181177
1653,94684.6322142022
1654,160000.0
1655,157000.0
1656,147187.57693166373
1657,155337.58635596774
1658,148824.82030238735
1659,148986.96086672798
1660,149313.61332515566
1661,366325.988846055
1662,755000.0
1663,374286.7446271387
1664,371942.19674096577
1665,325005.97581170883
1666,293481.44330635306
1667,396791.919811989
1668,363715.7067168581
1669,277682.6579399966
1670,372217.89081741765
1671,260000.0
1672,336711.4401754411
1673,283591.75270396814
1674,243895.94096725894
1675,180000.0
1676,178566.91837191198
1677,204999.38788516453
1678,287373.8206674838
1679,326377.5332583593
1680,317773.78828093765
1681,236601.22498965007
1682,315000.0
1683,177000.0
1684,176271.42711992943
1685,175000.0
1686,169260.0903517382
1687,169523.40657320616
1688,186946.4025846894
1689,192000.0
1690,185000.0
1691,173000.0
1692,268807.9755304131
1693,168000.0
1694,183882.7906085727
1695,164352.760804925
1696,269975.28749678936
1697,165638.03867694922
1698,394768.88271870004
1699,283942.29368576535
1700,254959.5708799119
1701,273094.87038544205
1702,268972.09288358066
1703,259963.64448198458
1704,290000.0
1705,228159.98907957328
1706,371951.75869037816
1707,229745.6719628848
1708,216475.646658507
1709,274992.80775249854
1710,236568.88895897166
1711,239000.0
1712,252654.43488793247
1713,254976.67034534848
1714,227270.3892999645
1715,194661.61189878915
1716,193400.620073977
1717,173788.99798484772
1718,134522.85772918837
1719,196715.54403063838
1720,238084.02755879628
1721,175722.1490650372
1722,128234.49837234878
1723,155000.0
1724,228746.18180637844
1725,237916.53572905032
1726,183367.04286690938
1727,167995.34112640854
1728,183666.54479894487
1729,161639.78437099117
1730,170000.0
1731,125000.0
1732,135000.0
1733,124500.0
1734,127500.0
1735,133000.0
1736,120396.9045859271
1737,301556.5339533894
1738,223467.12311586778
1739,260076.92129946523
1740,179634.85941568203
1741,184522.8227108831
1742,172428.71588098438
1743,171721.56077263315
1744,353067.81104221055
1745,208019.92710356493
1746,194495.50372067574
1747,216944.75843363133
1748,215000.0
1749,153043.726705628
1750,138802.49499707733
1751,235042.72739763276
1752,119563.17695719382
1753,128583.820900773
1754,193973.39529665012
1755,167966.8972151564
1756,132500.0
1757,121396.44835709874
1758,148008.6643066486
1759,167518.26287153288
1760,155993.34279764845
1761,143290.47806729056
1762,171965.9537474885
1763,166208.1710603029
1764,110290.21453259246
1765,157978.564840322
1766,173856.42222285783
1767,214000.0
1768,143000.0
1769,167725.79845917813
1770,133999.92098400998
1771,127561.55273062462
1772,130000.0
1773,137500.0
1774,119791.50568854503
1775,132500.0
1776,118500.0
1777,118902.68364347704
1778,131348.35965604536
1779,119000.0
1780,179525.94307911533
1781,128212.99049514886
1782,100000.0
1783,134878.1504824596
1784,100000.0
1785,125000.0
1786,139000.0
1787,162160.65751925224
1788,34900.0
1789,101452.01181637394
1790,94596.7117831098
1791,151000.0
1792,164993.13329381103
1793,142540.9718169713
1794,141000.0
1795,137305.7601631059
1796,130000.0
1797,129000.0
1798,129434.64650881868
1799,122080.23965912215
1800,127954.57320178614
1801,139884.1958874225
1802,156000.0
1803,140000.0
1804,141000.0
1805,139000.0
1806,120500.0
1807,130000.0
1808,119000.0
1809,125923.66521111305
1810,145272.91068448764
1811,110000.0
1812,110799.10944854908
1813,123610.10692154865
1814,105721.74050239044
1815,37645.758876047345
1816,94764.60979623211
1817,117846.94303129824
1818,129500.0
1819,117000.0
1820,34900.0
1821,113000.0
1822,155000.0
1823,66768.6257743307
1824,139000.0
1825,143558.9145492128
1826,100000.0
1827,110000.0
1828,143660.95307645143
1829,125199.22949773939
1830,140000.0
1831,147386.96194927185
1832,94168.52732677582
1833,126788.85090993386
1834,119994.62645067372
1835,152047.38418414
1836,123000.0
1837,108527.72219778615
1838,135994.84844393295
1839,87000.0
1840,172937.27103566108
1841,136042.65542514937
1842,81163.63405824533
1843,137000.0
1844,143000.0
1845,143044.592485974
1846,155000.0
1847,143000.0
1848,34900.0
1849,118500.0
1850,125500.0
1851,159500.0
1852,127451.8284687455
1853,130954.82519003461
1854,175000.0
1855,151000.0
1856,224991.97232372515
1857,161819.96322784116
1858,135795.0334383796
1859,122826.81215590288
1860,143000.0
1861,122826.81215590288
1862,279945.27219658904
1863,274883.3482284762
1864,274883.3482284762
1865,311733.1868739418
1866,339956.4549960597
1867,250000.0
1868,271958.6019347969
1869,190000.0
1870,250046.54274496468
1871,235023.5640229805
1872,177136.20098745415
1873,241158.71611975704
1874,138196.8267373384
1875,202637.24422483167
1876,200007.79632719216
1877,194069.5522010457
1878,202871.57626326082
1879,139061.27092222145
1880,139000.0
1881,231125.36710632933
1882,239000.0
1883,196429.04731294134
1884,215000.0
1885,236821.31253828853
1886,275000.0
1887,181000.0
1888,269703.29897888366
1889,174000.0
1890,135000.0
1891,144000.0
1892,106610.8491965725
1893,130469.03951257256
1894,115000.0
1895,139986.25087949584
1896,124327.5682749944
1897,112000.0
1898,107494.40439030921
1899,137485.76098778195
1900,147000.0
1901,188000.0
1902,144000.0
1903,179379.81847123144
1904,135540.6669653932
1905,185000.0
1906,176967.84927076552
1907,207542.28362636338
1908,125000.0
1909,136000.0
1910,127500.0
1911,212971.84098388624
1912,274289.760247133
1913,132000.0
1914,85000.0
1915,265972.6588689284
1916,93263.33188627704
1917,249970.1422780378
1918,133929.82099210733
1919,159967.0005933753
1920,143000.0
1921,402838.3651463672
1922,358389.9698267746
1923,215562.09209845576
1924,197880.31816347616
1925,205000.0
1926,384105.76589677995
1927,138377.58025083764
1928,165519.14862006903
1929,130000.0
1930,141000.80002922495
1931,145000.0
1932,141878.36023673892
1933,174581.6356784193
1934,185805.96235893274
1935,179596.975497249
1936,191892.66324578805
1937,180034.69477184242
1938,168500.0
1939,222510.67235079172
1940,199948.06124142095
1941,174526.86303605037
1942,184027.94486914534
1943,193469.09335984927
1944,336411.914726513
1945,455665.5704878798
1946,145466.1553588846
1947,386545.1125776179
1948,160000.0
1949,235000.0
1950,165682.53712663255
1951,228360.41150828922
1952,205000.0
1953,173000.0
1954,183908.25214591826
1955,133915.37745410792
1956,249437.68654395972
1957,157000.0
1958,283249.9573796984
1959,136500.0
1960,110000.0
1961,120442.45943119709
1962,97384.53259102297
1963,115000.0
1964,110000.0
1965,151288.61736076308
1966,158394.5289678602
1967,290000.0
1968,368257.65122547554
1969,363246.7962121231
1970,315000.0
1971,396078.4916104674
1972,336814.34114720166
1973,258533.7427386997
1974,338625.4131785076
1975,393857.9403582848
1976,279939.5157980222
1977,319958.150710524
1978,337621.98941598606
1979,285129.3578893124
1980,190087.7498343641
1981,317984.45488931536
1982,234216.1415731024
1983,219674.92715837792
1984,167644.2031296172
1985,186376.53797110563
1986,185587.00981837782
1987,175000.0
1988,176000.0
1989,192064.17820886645
1990,222136.81956243727
1991,197002.4738285786
1992,200595.87525595503
1993,178887.65027621447
1994,236025.27067799648
1995,180000.0
1996,253308.2684515587
1997,312266.51916398184
1998,307248.2283304229
1999,283773.8477859046
2000,370297.176207886
2001,269887.4193500008
2002,235107.74958433985
2003,278473.0446231489
2004,257666.78311281852
2005,224921.63321174195
2006,259975.18626363194
2007,251393.33824926807
2008,206862.21590858427
2009,183976.0613062829
2010,185000.0
2011,145000.0
2012,186211.10681613267
2013,189000.0
2014,191000.0
2015,187018.72762934992
2016,192000.0
2017,200925.367377191
2018,123297.74570827956
2019,131950.60635279017
2020,123000.0
2021,112510.00446639462
2022,178000.0
2023,147000.0
2024,215000.0
2025,285962.9494251093
2026,176000.0
2027,155000.0
2028,172487.0416875448
2029,175171.95637817876
2030,277568.0710053225
2031,226975.6510557253
2032,249373.6236351452
2033,255189.89860963656
2034,159962.42796272118
2035,214654.37217454598
2036,181087.58187521872
2037,187481.00574009685
2038,235188.40395081253
2039,221833.0689962997
2040,266335.75862676284
2041,317993.0897576528
2042,192000.0
2043,172485.44465311253
2044,169993.2903837782
2045,226997.35269495918
2046,129192.4057690601
2047,144000.0
2048,140000.0
2049,128171.77649542387
2050,180000.0
2051,110000.0
2052,130000.0
2053,144000.0
2054,87821.60238819617
2055,146993.2743022281
2056,136875.11073921627
2057,121677.42315603103
2058,221807.5675346727
2059,134920.9629067881
2060,173992.9984909374
2061,174904.8789236329
2062,135000.0
2063,118961.81572141612
2064,136500.0
2065,120000.0
2066,162434.60117536443
2067,125000.0
2068,124500.0
2069,90828.62339271682
2070,110000.0
2071,106902.82195948197
2072,130000.0
2073,138973.82437939715
2074,183182.58377599553
2075,145000.0
2076,125500.0
2077,140000.0
2078,129000.0
2079,135000.0
2080,115000.0
2081,118500.0
2082,114500.79484039286
2083,134761.69939958738
2084,110000.0
2085,128000.0
2086,132500.0
2087,124000.0
2088,112000.0
2089,79732.27655036139
2090,128000.0
2091,133188.36045940366
2092,129000.0
2093,122000.0
2094,139068.07883577328
2095,144999.84924259828
2096,82128.94107466411
2097,104956.05148915862
2098,143000.0
2099,34900.0
2100,125000.0
2101,128681.24776977907
2102,140000.0
2103,104947.97035541885
2104,123161.09045042394
2105,132758.72239984956
2106,57173.32179066134
2107,196791.8269390166
2108,120000.0
2109,117000.0
2110,134928.9288543177
2111,154990.72511632275
2112,137973.1358724889
2113,120000.0
2114,102102.3592777817
2115,160483.89958531692
2116,127428.43009090018
2117,144994.60329914137
2118,115000.0
2119,107347.82083574685
2120,109486.71235429407
2121,92003.63453490105
2122,110000.0
2123,95358.64852818499
2124,150737.14019181972
2125,120446.65434974905
2126,160000.0
2127,139414.96309124175
2128,125330.40190229144
2129,115000.0
2130,140005.61486022593
2131,140000.0
2132,121924.49892152174
2133,128000.0
2134,116885.79586325628
2135,110000.0
2136,80000.0
2137,110000.0
2138,137487.65573088147
2139,155000.0
2140,137786.63074939005
2141,149880.59974508974
2142,136970.17707253146
2143,144000.0
2144,132500.0
2145,135000.0
2146,155000.0
2147,153005.92795451375
2148,129000.0
2149,140000.0
2150,243038.49840163215
2151,142488.72780540187
2152,180000.0
2153,155999.8427591564
2154,115000.0
2155,133000.0
2156,215000.0
2157,236851.8166229389
2158,219500.0
2159,185280.0426346338
2160,171000.0
2161,249925.26700535478
2162,280000.0
2163,316345.1131283375
2164,239941.52659912925
2165,192000.0
2166,145000.0
2167,196225.87867257977
2168,204949.24111853843
2169,190000.0
2170,214980.00519369636
2171,152000.0
2172,139389.07686785684
2173,162111.1263615413
2174,236776.70857080218
2175,278889.9611467984
2176,317357.2546777846
2177,240000.0
2178,221800.59312893878
2179,139421.0309106927
2180,181871.4206259053
2181,197001.59104903557
2182,215004.6218420784
2183,200616.9136576309
2184,136500.0
2185,140000.0
2186,153135.5146737956
2187,150859.50392535984
2188,157937.03397381835
2189,173311.88786249922
2190,86603.69539685093
2191,84821.44211358999
2192,102037.26581866926
2193,110000.0
2194,96327.0137697301
2195,105405.85136517085
2196,104818.07970229446
2197,110748.12261381623
2198,169655.14079985354
2199,169138.86040785562
2200,135000.0
2201,135853.1132140617
2202,202520.94669657535
2203,158127.63305592298
2204,179483.15904190874
2205,109359.72564001192
2206,141959.39654850506
2207,208247.99334861984
2208,228490.21067610112
2209,214694.86612266724
2210,129500.0
2211,110000.0
2212,112000.0
2213,110005.12926147014
2214,140000.0
2215,107386.32250515807
2216,140000.0
2217,99203.40971285405
2218,82379.59750120153
2219,42609.77533242653
2220,85000.0
2221,278456.39121783816
2222,239640.69794960722
2223,231131.79257353523
2224,217740.83675404493
2225,131675.38717996064
2226,198159.06585555107
2227,180070.5066872318
2228,285000.0
2229,234923.8354321956
2230,161423.7242284036
2231,215000.0
2232,168844.56195618236
2233,171000.0
2234,239250.66291210087
2235,200600.6399442006
2236,256116.64765234964
2237,278108.9291594613
2238,171451.61223462407
2239,122000.0
2240,163753.61841556962
2241,155729.1708059418
2242,136892.4572854625
2243,132500.0
2244,105000.0
2245,86779.19493713391
2246,149393.7559884102
2247,102412.27723572004
2248,124971.43509787708
2249,124521.82549724022
2250,137491.83906781801
2251,123636.60757178774
2252,167000.0
2253,165484.40313049022
2254,177110.65880111424
2255,192056.02293189603
2256,175000.0
2257,192000.0
2258,165423.07401694224
2259,178303.37898929155
2260,155000.0
2261,179902.14741261568
2262,190000.0
2263,371355.2459421373
2264,319943.1514972414
2265,172536.88611559672
2266,287500.52285492665
2267,301193.7783327067
2268,377517.5357536417
2269,147000.0
2270,179497.18126665073
2271,202928.86504278716
2272,190000.0
2273,167000.0
2274,170000.0
2275,167500.0
2276,176995.22332547524
2277,173000.0
2278,151473.56917346214
2279,129464.51978576377
2280,119976.0374605867
2281,177398.52335000815
2282,181439.56186690734
2283,101975.72525196856
2284,109000.01211206893
2285,159998.80942678743
2286,127336.61502969165
2287,314901.3844746853
2288,261930.04050634065
2289,335000.0
2290,338100.7237440054
2291,303576.34476643894
2292,390496.1409939906
2293,330460.39427762525
2294,371228.93281398
2295,341108.5290651807
2296,274677.73061163863
2297,275083.3288476663
2298,288483.4225238306
2299,325723.1171280801
2300,314918.60304357664
2301,260000.0
2302,239189.30259156748
2303,236808.23285528776
2304,248018.52161645642
2305,175000.0
2306,176082.19845136124
2307,184000.0
2308,214322.0102400643
2309,271198.25140724983
2310,215000.0
2311,178000.0
2312,160380.250414733
2313,173829.54322131278
2314,172500.0
2315,169981.95550895913
2316,172426.40928608042
2317,181000.0
2318,175185.47868617164
2319,181039.23130667402
2320,180000.0
2321,239990.77461896738
2322,165000.0
2323,180500.0
2324,171000.0
2325,214670.64464123157
2326,168500.0
2327,205858.24855014915
2328,230000.0
2329,185697.8227498784
2330,177000.0
2331,315166.3250755827
2332,388743.4519865672
2333,317972.8443926
2334,260000.0
2335,260472.24111505284
2336,337171.0172062514
2337,212919.0761467801
2338,274922.2795551922
2339,215000.0
2340,315183.7251009926
2341,218746.77460041016
2342,237029.8193576339
2343,227896.549501137
2344,232468.67725846617
2345,243961.76115192656
2346,239156.82569229943
2347,212000.0
2348,238954.2659869834
2349,153505.55856211172
2350,263417.0587344464
2351,250000.0
2352,250000.0
2353,191000.0
2354,136948.39450924713
2355,156995.68209111624
2356,150000.0
2357,197003.8211566705
2358,200000.0
2359,127153.13154390354
2360,124916.41749042644
2361,145002.3940650672
2362,260000.0
2363,140000.0
2364,150896.61973003382
2365,226978.1879022934
2366,185171.71516096522
2367,221288.75522078678
2368,193438.73499662124
2369,214984.92779617207
2370,175000.0
2371,172501.75612046302
2372,183995.69228760514
2373,270523.08540818986
2374,318573.85733874206
2375,255634.27948649394
2376,250000.0
2377,335000.0
2378,139791.82528396358
2379,181495.073754811
2380,146998.833427745
2381,168500.0
2382,191000.0
2383,216921.73660923704
2384,226079.64789427732
2385,160000.0
2386,139854.7016162781
2387,135000.0
2388,108000.0
2389,130645.72742612586
2390,142500.0
2391,140000.0
2392,117058.8344484373
2393,171850.79461847158
2394,148997.42685510247
2395,200000.0
2396,147000.0
2397,213698.97900899276
2398,125000.0
2399,34900.0
2400,59817.494094874855
2401,120000.0
2402,138521.80064914274
2403,126007.31881734444
2404,147000.0
2405,167968.36153899817
2406,139610.41841305423
2407,130006.32979448944
2408,142647.70626705297
2409,134884.5089293729
2410,160000.0
2411,118000.0
2412,165290.66271897074
2413,130860.33257375968
2414,137159.68258839202
2415,120000.0
2416,126932.63417837933
2417,134938.0857188254
2418,126000.0
2419,124500.0
2420,125000.0
2421,140000.0
2422,113767.36721018849
2423,137574.81573077696
2424,150874.39716352403
2425,151627.07742431466
2426,134539.40612712115
2427,145001.1322897965
2428,179029.52560755386
2429,112000.0
2430,127919.02309747228
2431,109000.83808543997
2432,136917.8189676742
2433,141097.5385926655
2434,135760.04794159613
2435,146000.0
2436,112000.0
2437,116036.4018571391
2438,125000.0
2439,115000.0
2440,123904.10293259581
2441,112478.97279369194
2442,91160.02967852117
2443,119590.59333366764
2444,135591.56487391365
2445,87000.0
2446,134449.0655878469
2447,184095.1897532262
2448,135000.0
2449,117632.94984366187
2450,153500.27260471735
2451,129112.83241938325
2452,197007.26026413025
2453,96684.42205976251
2454,136000.0
2455,118500.0
2456,143341.05566680286
2457,122954.57277773984
2458,110000.0
2459,118459.60301783553
2460,144000.0
2461,118914.69284019122
2462,138181.0076978733
2463,118566.70421035879
2464,147623.3577023269
2465,129000.0
2466,107497.20992812428
2467,146979.95994589615
2468,84157.55432843666
2469,80629.77009164427
2470,173988.40569515392
2471,179917.1863704624
2472,142990.33282733982
2473,118498.63159368423
2474,107688.09207316578
2475,239368.98012459997
2476,120000.0
2477,125500.0
2478,148982.04045937443
2479,124707.88422729073
2480,140000.0
2481,134000.0
2482,135000.0
2483,109872.16272285588
2484,125500.0
2485,126996.2573244866
2486,155000.0
2487,175874.25247821907
2488,156000.0
2489,144828.2150408122
2490,157482.04372260382
2491,91921.13175574219
2492,190000.0
2493,144996.0732257401
2494,164912.23903075256
2495,100490.00791555329
2496,240000.0
2497,149303.97672685215
2498,113000.0
2499,110000.0
2500,134896.7108988095
2501,135000.0
2502,157960.90512760985
2503,93458.33989140939
2504,170000.0
2505,222198.83513211546
2506,250000.0
2507,270213.88407171064
2508,258307.8288234183
2509,214000.0
2510,220000.0
2511,185000.0
2512,207306.60181267073
2513,207063.18577446893
2514,260000.0
2515,153473.5377728087
2516,159000.0
2517,135976.79650992158
2518,155000.0
2519,215532.5452372532
2520,206236.78585860852
2521,187500.0
2522,216957.71767384684
2523,128171.92084793058
2524,140000.0
2525,147000.0
2526,139000.0
2527,132000.0
2528,128545.69992067353
2529,135986.32002370837
2530,122652.32950691952
2531,244167.51195593117
2532,216652.45979310665
2533,196513.0809457979
2534,222312.87088356807
2535,260000.0
2536,214000.0
2537,213661.067641057
2538,183174.60938546335
2539,189061.26443222954
2540,175683.9125380128
2541,180000.0
2542,154268.20367292775
2543,122575.72987010167
2544,137500.0
2545,137500.0
2546,145000.0
2547,139466.54519309956
2548,144999.16252865153
2549,173000.0
2550,235384.05026777094
2551,143176.3736659969
2552,129000.0
2553,80000.0
2554,122589.80919949578
2555,112345.59832033119
2556,105000.0
2557,115990.04900504739
2558,141648.12082154525
2559,142000.0
2560,130867.66616347438
2561,141000.0
2562,132500.0
2563,145000.0
2564,176000.0
2565,137500.0
2566,153370.0294394374
2567,130956.7135172576
2568,202535.7687519739
2569,214000.0
2570,128623.46068656439
2571,162982.91721754218
2572,178000.0
2573,227417.95930278036
2574,216997.68090493165
2575,133000.0
2576,132500.0
2577,145310.95717120203
2578,82545.67019304719
2579,84623.96389205141
2580,134462.13275595076
2581,135385.25386427523
2582,118126.53691794946
2583,243964.86959935582
2584,165000.0
2585,180000.0
2586,194892.77417682772
2587,192153.1687320765
2588,164904.8001625521
2589,145000.0
2590,190000.0
2591,208566.6759530492
2592,233167.73035100402
2593,253009.7635060573
2594,164969.58079650885
2595,188947.99757181545
2596,303319.73731120507
2597,175947.39725627124
2598,272128.32587407285
2599,275000.0
2600,132174.90836212048
2601,140000.0
2602,79904.27524080465
2603,86120.48021439719
2604,84844.82012394982
2605,86812.62667144614
2606,148986.10230365093
2607,180000.0
2608,210093.79694911587
2609,173878.0558255615
2610,118085.34051903484
2611,145000.0
2612,150000.0
2613,130000.0
2614,124000.0
2615,146073.37948978442
2616,145000.0
2617,163220.38605688975
2618,168500.0
2619,200000.0
2620,189038.3097526554
2621,174816.6826208063
2622,181065.597623089
2623,233307.125135418
2624,265968.76555589016
2625,263024.0211508894
2626,169990.1283030821
2627,174000.0
2628,755000.0
2629,364107.1104605166
2630,324899.6826785208
2631,384656.5545384814
2632,403389.77387061965
2633,332922.53488340246
2634,336823.98623120127
2635,149000.0
2636,183644.3074220779
2637,169908.07605663023
2638,250000.0
2639,178448.9555690665
2640,151664.80661688597
2641,110000.0
2642,190000.0
2643,115248.41939943118
2644,130000.0
2645,99130.45997860882
2646,92373.7860580045
2647,100415.97824267083
2648,140708.88032455026
2649,155998.48128688228
2650,152000.0
2651,146071.89758950155
2652,414373.50456804776
2653,236749.67036496918
2654,229742.6493405505
2655,325000.0
2656,300286.7840691703
2657,325000.0
2658,314203.2077131761
2659,274788.4842037989
2660,335000.0
2661,275009.4669720913
2662,325007.03185744816
2663,279957.6631805341
2664,241331.33010650074
2665,319549.86496667424
2666,264666.93309856264
2667,164063.01997226593
2668,183972.79850408476
2669,178847.18421727855
2670,260000.0
2671,187004.5806927244
2672,176689.55461781335
2673,209961.2243962211
2674,190000.0
2675,165238.02316033034
2676,185000.0
2677,187497.37315510513
2678,251885.78672471928
2679,274953.0326117834
2680,290000.0
2681,378449.4009430277
2682,353711.74171898176
2683,379349.92389253154
2684,339819.3563366348
2685,321464.33784630394
2686,258050.9704078935
2687,341833.2259047679
2688,223161.49723748435
2689,229150.80689998614
2690,309242.2799902955
2691,174000.0
2692,135000.0
2693,194067.18973226767
2694,133000.0
2695,193576.86017595822
2696,179272.22096964245
2697,181000.0
2698,190000.0
2699,176000.0
2700,173000.0
2701,159981.4550722301
2702,113702.23878553238
2703,146740.01026653103
2704,142339.9583650282
2705,119917.27443888797
2706,119973.11663413551
2707,130047.53695878899
2708,141816.36125458064
2709,124500.0
2710,124000.0
2711,267271.14761145646
2712,325000.0
2713,177565.21009293717
2714,149900.0
2715,167118.05103143564
2716,160872.56821316798
2717,179900.0
2718,216699.21707176304
2719,164000.0
2720,179550.2894870018
2721,140000.0
2722,155191.77368818762
2723,140000.0
2724,130500.45508600184
2725,134661.88085421303
2726,149319.8184575529
2727,175885.12331478778
2728,174000.0
2729,159490.6248187001
2730,143234.24175007464
2731,121403.76397760764
2732,123947.79593488899
2733,151463.1033617476
2734,135542.7798757942
2735,135000.0
2736,144395.50057726452
2737,125500.0
2738,126994.9128476651
2739,168356.16522801883
2740,145000.0
2741,143000.0
2742,149525.41241797092
2743,145000.0
2744,149491.87513942472
2745,136500.0
2746,137500.0
2747,150884.56038757195
2748,131982.15205149737
2749,132000.0
2750,132500.0
2751,135000.0
2752,192000.0
2753,149493.98399031375
2754,180000.0
2755,129000.0
2756,111047.81892453566
2757,47473.98781239881
2758,87000.0
2759,158443.970493294
2760,139000.0
2761,145000.0
2762,148614.77450332328
2763,175000.0
2764,160699.37780130206
2765,290000.0
2766,137000.0
2767,84756.7741127067
2768,117373.298861117
2769,134000.0
2770,153877.13824724298
2771,119964.58244617848
2772,122659.83410593338
2773,140000.0
2774,140000.0
2775,134521.59302756446
2776,135000.0
2777,153695.54399616874
2778,139000.0
2779,119000.0
2780,113827.99520944856
2781,92257.11967385131
2782,96234.59111134347
2783,118499.15637115872
2784,129115.15628510377
2785,129000.0
2786,90896.98948274847
2787,116992.81325065906
2788,59325.76359576599
2789,178168.11531071554
2790,100000.0
2791,117596.36343887179
2792,86169.72256339517
2793,178000.0
2794,106409.93154051351
2795,117036.63270396201
2796,109968.3332974153
2797,171714.40503713663
2798,116986.94808699864
2799,118000.0
2800,84402.655339023
2801,110000.0
2802,142996.25645025022
2803,141767.7248132577
2804,143952.14247156642
2805,89465.79619601887
2806,73535.23898221206
2807,160000.0
2808,146000.0
2809,136500.0
2810,137000.0
2811,145949.06716557386
2812,147000.0
2813,137945.4868415082
2814,157000.0
2815,109962.94117951006
2816,255856.0030583445
2817,159651.03428551086
2818,128501.70290951444
2819,177991.02755019392
2820,134758.71365868265
2821,111103.89299390346
2822,194489.0389347943
2823,226987.22585063722
2824,172195.13726236924
2825,148411.71096927635
2826,132212.41358155446
2827,142000.0
2828,187472.220503616
2829,175000.0
2830,228953.91042752654
2831,181348.7816506235
2832,227261.9085522901
2833,261579.70071178803
2834,214894.94749920198
2835,200522.63355399008
2836,186479.47588402545
2837,165000.0
2838,151000.0
2839,179925.64493698362
2840,189117.6314947166
2841,202072.20043496852
2842,227525.25134228464
2843,160000.0
2844,155000.0
2845,119441.81420531613
2846,208969.9176996887
2847,205000.0
2848,224056.38453196015
2849,207511.81235892963
2850,274864.5518373553
2851,232510.47925238436
2852,239000.0
2853,241282.8448660342
2854,138630.78106905727
2855,187500.0
2856,204442.20258518276
2857,184890.01712330265
2858,202649.40115138577
2859,133000.0
2860,125500.0
2861,140832.8382875189
2862,189000.0
2863,125000.0
2864,244311.28484127423
2865,142489.75212176077
2866,133187.88716590687
2867,94712.76189404428
2868,119740.69517867478
2869,107495.22431095988
2870,152469.1549541429
2871,98583.4358565223
2872,34900.0
2873,108904.43126270463
2874,142988.19107462378
2875,119305.61244554399
2876,150000.0
2877,147000.0
2878,174000.0
2879,137500.0
2880,105924.66307537998
2881,147895.1968655563
2882,171209.04306071575
2883,175944.81435995165
2884,180000.0
2885,194490.94966955893
2886,215005.67389136396
2887,108278.58068978756
2888,132961.72863834
2889,34900.0
2890,97258.22089502151
2891,130770.80897342076
2892,34900.0
2893,113000.0
2894,36854.125095906835
2895,252621.03384691346
2896,262452.4088548218
2897,201806.3135609549
2898,140790.09618268337
2899,219706.90030156443
2900,157159.9941270877
2901,192073.42952731988
2902,180702.8977273501
2903,343366.1847620247
2904,318687.45435395517
2905,118498.21761666921
2906,181000.0
2907,119596.74570378519
2908,125361.81014394794
2909,127422.85733754243
2910,80131.4828705339
2911,75796.10328609515
2912,151310.69501154142
2913,84999.19288576684
2914,55320.0659503876
2915,79979.94054068513
2916,84289.57184590684
2917,154401.05277097775
2918,122603.66204992651
2919,228950.3165740372
